v_g,i_ds,r
0.1207189,0.0007526468,398.59333753893594
0.2142432,0.0007512615,399.32832974936156
0.1988734,0.0007517125,399.0887473601942
0.4130615,0.0007488292,400.6254029623845
0.513536,0.0007476903,401.23564529324506
0.6192321,0.0007465204,401.8644366583954
0.7156669,0.0007453201,402.51161883330394
0.8222014,0.0007441617,403.13818891781176
0.7986105,0.0007444032,403.007402439968
1.025921,0.0007417661,404.44015977543324
0.9966156,0.0007419881,404.3191528273836
1.228615,0.0007394439,405.7102912066757
1.197808,0.000739791,405.51993738772165
1.431254,0.0007372107,406.93929157566487
1.52963,0.0007359718,407.62431386637365
1.630106,0.0007348423,408.2508587216604
1.729882,0.000733758,408.8541453721799
1.830374,0.0007326138,409.4926958787836
1.927775,0.0007314181,410.1621220475676
1.903261,0.0007319839,409.8450799259382
2.128173,0.0007293092,411.3481634401431
2.226379,0.0007282075,411.970489180625
2.203143,0.0007283168,411.90866392207346
2.426931,0.0007258332,413.3181011835777
2.524829,0.0007246679,413.9827360919395
2.503292,0.0007249137,413.8423649601325
2.7248,0.0007224111,415.2760111244138
2.824102,0.0007211242,416.01710218572606
2.924964,0.0007199711,416.683391875035
3.025767,0.0007188505,417.3329503144256
3.001008,0.0007191726,417.1460369875048
3.227055,0.0007163997,418.76064437212915
3.326041,0.0007152563,419.43007003223875
3.301161,0.0007157028,419.16840342108486
3.529938,0.0007130346,420.7369460051448
3.502728,0.000713283,420.5904248383881
3.72834,0.0007105031,422.23601839316393
3.832614,0.0007093246,422.937538046756
3.808906,0.0007098045,422.6515892756385
4.040598,0.0007067994,424.4485776303715
4.139738,0.0007056713,425.1271094630035
4.109263,0.0007062461,424.7811067558461
4.339825,0.0007032296,426.60320327813275
4.440616,0.0007020704,427.30757485289223
4.409427,0.000702576,427.00006832001094
4.64276,0.0006994651,428.8991688077075
4.607268,0.0007001529,428.4778367696542
4.842222,0.0006971101,430.3480899215203
4.941956,0.0006959534,431.06334418367663
4.90682,0.0006966915,430.6066601932132
5.142722,0.0006935845,432.5356175058699
5.241,0.0006924648,433.2350178666121
5.341592,0.0006913185,433.9533803883449
5.442006,0.0006900692,434.7390087834669
5.54308,0.0006889871,435.4217952701872
5.507163,0.000689635,435.0127241221806
5.739813,0.0006865835,436.9461252709976
5.84213,0.0006853345,437.7424454773545
5.940237,0.0006843476,438.3737153458272
6.040665,0.0006831255,439.157958530314
6.008718,0.0006837493,438.75730476067764
6.244106,0.0006807831,440.66898840467684
6.20668,0.0006814208,440.256593282741
6.448489,0.0006780559,442.44139753079355
6.548069,0.0006769336,443.1749288261064
6.64854,0.0006758177,443.9066925888446
6.745938,0.0006748168,444.56510270639376
6.714109,0.0006755419,444.08792407991274
6.949368,0.0006723663,446.18536056908266
7.048198,0.0006711682,446.98184449144037
7.147703,0.0006700406,447.7340626821718
7.249488,0.0006689192,448.4846600306883
7.346238,0.0006677909,449.24242004495716
7.449698,0.0006666326,450.02299617510454
7.413279,0.0006674459,449.47463157688134
7.645788,0.0006643342,451.5799427456843
7.74875,0.0006633035,452.2816478429557
7.713516,0.000663989,451.8147137979695
7.948114,0.0006609405,453.89864897067133
8.04999,0.0006598916,454.62012245647617
8.147687,0.0006587061,455.4383206713889
8.247802,0.0006576502,456.1695563994354
8.348982,0.0006564393,457.011029047164
8.446852,0.0006554326,457.7129669778402
8.545376,0.0006543012,458.5044319038388
8.649007,0.0006532176,459.26502898880864
8.747269,0.0006520998,460.05228034113793
8.847962,0.0006510937,460.7631743326652
8.951109,0.0006498842,461.6207010418164
9.051558,0.000648807,462.38711974439235
9.154099,0.0006477789,463.1209815571331
9.117873,0.0006486339,462.5105163328651
9.350168,0.0006454429,464.79711838181197
9.452701,0.000644308,465.6158234881454
9.554053,0.0006432732,466.3648353452312
9.651914,0.0006422456,467.11102419385975
9.619232,0.0006430267,466.543613196777
9.854788,0.0006398601,468.85248822359756
9.950876,0.0006387364,469.6773191570106
10.05549,0.0006377886,470.375293631777
10.1537,0.0006365844,471.2650828389763
10.25195,0.0006356176,471.98189603308657
10.2195,0.0006363937,471.4063008480442
10.45317,0.0006333613,473.6632945524142
10.5508,0.0006322534,474.4932965168712
10.65515,0.0006313223,475.1930986755893
10.75421,0.0006302306,476.01623913532603
10.71708,0.0006311013,475.35950250775903
10.95676,0.0006279408,477.7520428677353
10.91828,0.0006287849,477.1106939749984
11.15473,0.0006256982,479.46438075097547
11.25634,0.0006246496,480.26925815689304
11.21839,0.0006254816,479.63041598665734
11.45832,0.0006222473,482.12342584692607
11.55836,0.0006213584,482.8131397274101
11.52127,0.0006222894,482.0908085530623
11.76232,0.000619157,484.52977193183636
11.86042,0.0006181307,485.33425050721473
11.82154,0.0006190664,484.60068257621475
12.05986,0.0006158607,487.123143269249
12.16017,0.0006149334,487.8577094690254
12.25921,0.0006138408,488.72606708449484
12.22429,0.0006149623,487.8347827175747
12.46117,0.0006116939,490.441379258482
12.5587,0.0006106615,491.2705320377983
12.52389,0.0006115974,490.5187628331971
12.75739,0.0006085002,493.0154501181758
12.85641,0.0006075663,493.77327215153304
12.96133,0.0006065518,494.5991422331942
13.05852,0.0006055256,495.4373522770961
13.02221,0.0006065133,494.6305381926496
13.26139,0.0006034099,497.17447459844453
13.36021,0.0006023148,498.0784134807911
13.32178,0.00060346,497.13319855499947
13.56042,0.0006001702,499.8582068886459
13.5234,0.0006012609,498.95145352042675
13.75882,0.0005982079,501.49789061628906
13.86176,0.000597205,502.34006748101575
13.96774,0.0005962788,503.1203524257445
14.06458,0.0005952519,503.9883115030796
14.02765,0.0005962644,503.1325029634504
14.26846,0.0005931018,505.81535918454466
14.36404,0.000592101,506.6703146929324
14.46595,0.0005910544,507.5674929414281
14.43008,0.0005920877,506.6816959717285
14.66739,0.0005889539,509.37772888506214
14.6279,0.0005900762,508.4089139673825
14.86711,0.000587051,511.0288543925485
14.96406,0.0005858936,512.0383632796126
15.06497,0.000585084,512.7468876263921
15.02987,0.0005860441,511.90686844215304
15.26353,0.0005829872,514.5910579168805
15.36239,0.0005820969,515.3781097270918
15.4637,0.0005810951,516.2666145352111
15.56339,0.0005800408,517.2049966140312
15.66426,0.0005793583,517.8142783144731
15.76066,0.0005784563,518.621717837631
15.86526,0.0005773818,519.5868660910337
15.96244,0.0005764293,520.4454388421962
16.06426,0.0005756051,521.1906565803534
16.16484,0.0005746229,522.0815251184733
16.12825,0.0005757362,521.0719770617168
16.36598,0.0005726266,523.9016140710194
16.47126,0.0005715188,524.9171155874487
16.43498,0.0005727474,523.7911162931512
16.67076,0.0005696038,526.6818795801573
16.7697,0.0005686171,527.5958109596071
16.7347,0.0005696453,526.6435095663916
16.97015,0.000566655,529.4226645842708
17.07011,0.0005657426,530.2764896969045
17.17086,0.0005648946,531.0725222014868
17.13404,0.0005659275,530.1032376055236
17.36956,0.0005628145,533.0353073703681
17.47092,0.0005620612,533.7497055480791
17.56785,0.0005612744,534.4979211594186
17.66898,0.0005603727,535.3579858547713
17.63488,0.0005612873,534.4856368565617
17.87066,0.0005582806,537.3641856801042
17.96954,0.0005575348,538.0830039667479
18.07052,0.0005566466,538.9415834031861
18.03415,0.0005578389,537.7896736853596
18.2713,0.0005546103,540.9203543461057
18.36943,0.0005537895,541.7220803211328
18.47113,0.0005528266,542.6656387373546
18.43268,0.0005540733,541.444606697345
18.67029,0.0005510083,544.4564083698921
18.6344,0.0005521839,543.2972602062465
18.86809,0.0005491013,546.3472769050082
18.97339,0.0005481758,547.2696897601098
19.07586,0.0005473364,548.1089874526891
19.17513,0.0005465188,548.9289663960325
19.27653,0.0005457358,549.7165478240569
19.23749,0.0005469247,548.5215789303354
19.47439,0.0005437791,551.6946127572759
19.57263,0.0005428821,552.6061736056503
19.67418,0.0005421259,553.3769923185739
19.77456,0.0005411397,554.3854941709137
19.8737,0.0005404066,555.1375575353817
19.83736,0.0005416621,553.8508232346328
20.07653,0.0005384935,557.1097886975423
20.17565,0.0005377488,557.8813007114103
20.27243,0.0005369802,558.6798172446581
20.37717,0.0005363098,559.3781802980293
20.47487,0.0005354009,560.3277842827683
20.57563,0.0005345672,561.2016599596833
20.54037,0.0005357903,559.9205510066158
20.77595,0.0005327627,563.1024844644717
20.73781,0.000534023,561.7735565696609
20.97713,0.0005309409,565.0346394485714
21.07596,0.0005302858,565.7326671768318
21.17501,0.0005294668,566.6077646417112
21.14037,0.0005307291,565.2601298854727
21.37596,0.0005275868,568.6268117397933
21.47973,0.0005267215,569.5609539386563
21.58137,0.0005260157,570.3251823091972
21.67678,0.0005252727,571.13190919688
21.78068,0.0005243644,572.121219518335
21.74335,0.0005256755,570.6942781240517
21.97846,0.0005225998,574.0530325499551
21.9449,0.0005239508,572.5728446258695
22.1815,0.0005207761,576.063302444179
22.27935,0.0005201954,576.706368414638
22.24501,0.0005214625,575.3050315219215
22.48085,0.000518478,578.6166433291288
22.57925,0.0005177649,579.4135523671072
22.54472,0.0005190041,578.0301157543842
22.78023,0.0005158581,581.5552765382572
22.87815,0.000515373,582.1026712691585
22.84494,0.0005165896,580.7317839925543
23.08139,0.0005135266,584.195638551148
23.17982,0.000513008,584.7862021644886
23.28052,0.000512162,585.7521643542473
23.24353,0.00051363,584.0780328251855
23.48187,0.0005105911,587.5543071549816
23.44466,0.0005118967,586.0557413243727
23.68306,0.0005088122,589.6085038841442
23.6429,0.0005101935,588.0121953729321
23.88357,0.0005071817,591.503991567519
23.85069,0.0005084699,590.0054260832352
24.08779,0.0005054213,593.5642205819184
24.18666,0.000504854,594.2312034766487
24.28613,0.0005041281,595.086843998579
24.24942,0.0005054174,593.568800757552
24.4869,0.0005024062,597.1263889657412
24.45078,0.0005037661,595.5144659396493
24.68752,0.0005008476,598.9846013038697
24.64859,0.0005022479,597.3145930525543
24.88685,0.0004992259,600.9303603839463
24.98494,0.0004988574,601.3742604600031
24.94823,0.0005001443,599.8268899595577
25.18357,0.0004971626,603.4243122873684
25.28526,0.0004966357,604.0645084515672
25.24824,0.0004981012,602.2872460455827
25.4847,0.0004950056,606.053749694953
25.44906,0.0004965804,604.1317780564839
25.68507,0.0004935102,607.8901712669768
25.78379,0.0004930053,608.5127279564742
25.88444,0.000492373,609.2941733198204
25.84774,0.0004938375,607.4872807350596
26.0853,0.000490752,611.3067292644757
26.04895,0.0004921929,609.5171222502397
26.28475,0.0004891709,613.2825971454965
26.38939,0.0004886145,613.9809604504164
26.48641,0.0004880638,614.6737373269642
26.59101,0.000487386,615.5285543696372
26.55375,0.0004889465,613.5640606896663
26.78842,0.0004859626,617.3314571944426
26.75436,0.0004873366,615.590948843161
26.9882,0.0004843646,619.3681371429705
26.95237,0.0004860204,617.2580410205003
27.19228,0.0004828517,621.3087786581262
27.29222,0.0004824816,621.7853696389666
27.25286,0.0004839167,619.9414072711274
27.49138,0.0004808984,623.832393703119
27.59053,0.0004805537,624.279867161568
27.55248,0.0004821123,622.2616597834157
27.7906,0.0004790482,626.2417852733817
27.89018,0.0004786534,626.7583182319398
27.98831,0.0004781086,627.4725031091263
27.95518,0.0004795245,625.6197545693702
28.19257,0.0004765927,629.468307005122
28.15296,0.0004781757,627.3844530368231
28.39068,0.0004751873,631.3300039794834
28.49043,0.0004746436,632.053186854305
28.45261,0.0004762574,629.9114722416912
28.69166,0.0004732785,633.8762483400366
28.7884,0.0004728432,634.4597955516755
28.896,0.0004723069,635.1802186247967
28.99147,0.0004718243,635.8299053270465
29.09284,0.000471344,636.4778166264978
29.19553,0.0004708077,637.202832494031
29.15819,0.0004723078,635.1790082653727
29.38994,0.0004694416,639.0571265946605
29.35935,0.0004709361,637.0291001263229
29.59604,0.0004679551,641.0871470361152
29.55742,0.000469578,638.8714973870156
29.79832,0.0004666173,642.925155153913
29.75856,0.000468298,640.6177263195657
29.99354,0.0004652831,644.7687440184266
30.09415,0.0004648517,645.3671138558814
30.05825,0.0004664221,643.1942225722152
30.29676,0.0004634997,647.2496098702976
30.25945,0.0004651255,644.9872131284997
30.49717,0.0004621049,649.2032436790867
30.45781,0.0004637245,646.9358422942933
30.69412,0.000460832,650.9964585792653
30.79498,0.0004605079,651.4546221682624
30.89465,0.000460162,651.9443152628857
30.85979,0.0004616813,649.7988980710286
31.09404,0.0004587511,653.9493856254513
31.19161,0.0004583357,654.5420747281959
31.29718,0.0004578898,655.1794776821846
31.26202,0.0004595362,652.8321381427622
31.49824,0.0004565836,657.053823220983
31.46317,0.0004582812,654.6199145851936
31.69653,0.0004554855,658.6378710189457
31.66403,0.0004570385,656.3998437768372
31.89978,0.0004541353,660.5960822688745
31.99929,0.0004538464,661.0165906350694
31.96427,0.0004552954,658.9128728293763
32.19959,0.0004524736,663.0221078091628
32.2997,0.0004520979,663.5730889260932
32.40053,0.0004517152,664.1352781575647
32.36379,0.000453349,661.7418368629907
32.59807,0.0004504777,665.9597134330955
32.7013,0.0004500772,666.5523159138032
32.66346,0.0004518064,664.0012182209017
32.89608,0.0004489325,668.2519086945142
32.8648,0.0004505939,665.7879744932188
33.10039,0.0004476154,670.2182275230031
33.20041,0.0004473749,670.5785237392621
33.1648,0.0004491129,667.9834847763224
33.3996,0.0004462362,672.2896976982146
33.36228,0.0004480609,669.5518399396153
33.60094,0.0004451246,673.9685921649802
33.5636,0.0004469303,671.2456058584527
33.79736,0.0004440113,675.6584798630124
33.76848,0.0004456544,673.1673691542145
34.00729,0.0004426536,677.7308486816779
33.96992,0.0004443737,675.107460229982
34.20604,0.0004416096,679.3330579770004
34.30992,0.0004412644,679.8644984730244
34.26929,0.0004430587,677.1111818817687
34.5047,0.0004403013,681.3516108174107
34.4704,0.0004420874,678.5988471962784
34.70743,0.0004390993,683.2167575762475
34.80671,0.0004389833,683.3972955235427
34.90803,0.0004385428,684.0837427954581
35.00643,0.0004381875,684.6384253316218
34.96857,0.0004399471,681.9001648152698
35.20649,0.0004371043,686.3350463493496
35.30784,0.0004368199,686.7818979858747
35.2681,0.0004385315,684.1013701410275
35.50363,0.0004355893,688.7221518067593
35.60731,0.0004352925,689.191750374748
35.56853,0.0004371588,686.2494818816411
35.80802,0.0004340778,691.1203475506004
35.76975,0.0004359641,688.1300547453334
36.00861,0.0004330382,692.7795284573047
36.10648,0.0004328742,693.0419969589317
36.06964,0.0004347115,690.1128679595547
36.3029,0.0004317904,694.7815421556385
36.2742,0.0004335407,691.9765549116842
36.50729,0.0004307995,696.3796383236285
36.47533,0.0004324993,693.6427411558817
36.71118,0.0004297634,698.0585131260596
36.81199,0.0004294061,698.6393532835234
36.91261,0.0004292637,698.871113490379
36.874,0.0004311597,695.797867936173
37.11224,0.0004281594,700.6736276255992
37.07503,0.0004299898,697.6909684834385
37.30753,0.0004270623,702.4736203593714
37.27325,0.0004289196,699.4317816206114
37.51271,0.0004260934,704.0709853755069
37.4745,0.0004279029,701.0936359627383
37.70932,0.0004250543,705.7921776111899
37.80886,0.0004248782,706.084708511757
37.77407,0.0004265937,703.2452659286811
38.01027,0.0004236946,708.0571713682449
37.97563,0.0004256046,704.8795995156067
38.20967,0.0004226214,709.855203735542
38.30861,0.0004226026,709.8867825233447
38.4077,0.0004223816,710.2582120054473
38.5108,0.0004220509,710.8147382223328
38.6057,0.0004218391,711.1716291827855
38.71078,0.000421514,711.7201326646327
38.80688,0.0004214121,711.8922309065164
38.91654,0.0004210808,712.4523369386587
38.87881,0.0004228498,709.4717793410331
39.11308,0.0004199856,714.3102049213115
39.21632,0.0004197439,714.7215242437114
39.17872,0.0004215312,711.6910919049408
39.41287,0.0004187636,716.3946436605282
39.51771,0.0004183454,717.1107893142843
39.61459,0.0004183588,717.0878203111778
39.57743,0.0004201893,713.963920547239
39.81493,0.0004172694,718.9599812495237
39.91524,0.0004169373,719.5326491537216
39.8779,0.0004189199,716.1273551340005
40.11453,0.0004160209,721.1176169274188
40.07906,0.0004178628,717.9389981592044
40.31144,0.0004151556,722.6206270612753
40.27953,0.0004168064,719.7586217486104
40.51022,0.0004140843,724.4901581634464
40.47743,0.0004159084,721.3126736560262
40.71321,0.0004130981,726.2197526447108
40.81338,0.0004129637,726.4561025581668
40.91162,0.0004128462,726.6628589532858
40.88027,0.0004146344,723.5289691352189
41.11504,0.0004116962,728.69266221063
41.07755,0.0004135711,725.3891773385519
41.31695,0.0004107721,730.3319772691475
41.41708,0.0004105712,730.6893420678314
41.3847,0.0004125452,727.1930445439675
41.61552,0.000409579,732.4594278515256
41.5824,0.0004115595,728.9346983850452
41.81921,0.0004087047,734.0263030985452
41.91989,0.0004085751,734.259136202867
41.88219,0.0004104996,730.816790077262
42.12009,0.0004076486,735.9279536345764
42.08339,0.000409537,732.5345451082563
42.31929,0.0004067452,737.5624838350889
42.28473,0.0004086445,734.1344371452448
42.51765,0.0004058038,739.2735109922578
42.6147,0.000405757,739.3587787764598
42.58494,0.0004075247,736.1516982896987
42.81431,0.0004048954,740.9321024639944
42.91268,0.0004047595,741.1808740746048
43.0174,0.0004046356,741.4078247193277
42.98343,0.0004065344,737.9449315974244
43.21729,0.0004036082,743.2951064918899
43.3186,0.000403414,743.6529223081003
43.41525,0.0004032894,743.8826807746497
43.51501,0.0004032114,744.0265825817424
43.48434,0.0004050548,740.6405256770195
43.71711,0.0004021226,746.0411327291725
43.81409,0.0004021503,745.9897456249566
43.78779,0.0004039119,742.7362253996478
44.02337,0.0004010949,747.9526665634492
44.12122,0.0004009196,748.2797049583008
44.08855,0.0004028667,744.6631851180551
44.32688,0.0003999279,750.1352118719399
44.28965,0.0004018827,746.4864747848065
44.52555,0.0003989918,751.8951517299353
44.49036,0.0004010063,748.117922336881
44.72303,0.0003981601,753.4657541024327
44.6883,0.0004002371,749.5557008583162
44.92308,0.0003973052,755.0870212622438
44.88944,0.0003993972,751.1319558574771
45.12292,0.0003965828,756.4624587854037
45.22117,0.0003966429,756.3478383200606
45.32049,0.0003963906,756.829248725878
45.4225,0.0003963118,756.9797316153594
45.51891,0.0003962076,757.1788123196021
45.48908,0.0003980714,753.6336446175234
45.72437,0.0003951872,759.1338990736542
45.82315,0.0003951259,759.2516714292836
45.78994,0.0003970482,755.5757714050837
46.0201,0.0003942177,761.0008378619225
46.11969,0.0003941357,761.1591642167913
46.08944,0.0003961351,757.3173899510545
46.32499,0.0003932267,762.9186929575229
46.29397,0.0003950062,759.4817499067103
46.52784,0.0003922018,764.9123486939632
46.49537,0.0003942045,761.0263200952804
46.73024,0.0003912782,766.7179004605929
46.69321,0.0003934734,762.4403581029874
46.93081,0.0003905339,768.1791516690356
46.89391,0.0003925698,764.1953099805436
47.12674,0.0003898714,769.484501812649
47.22676,0.0003897765,769.6718504065791
47.32933,0.0003897004,769.8221505546311
47.42629,0.0003897175,769.7883723466357
47.39561,0.0003915833,766.120516375443
47.63193,0.0003887031,771.797292072021
47.59335,0.0003908471,767.5635817689322
47.82801,0.0003880175,773.1610043361446
47.92594,0.0003878792,773.4366782235294
47.89327,0.0003898979,769.4322026356131
48.13163,0.0003869925,775.2088218763929
48.09448,0.0003890566,771.0960307574784
48.32717,0.0003863552,776.4875430691757
48.42891,0.0003862344,776.7303999850868
48.52563,0.0003861735,776.8528912522479
48.62719,0.0003860873,777.0263357535977
48.72761,0.0003859033,777.3968245412775
48.82978,0.0003857371,777.7317763834486
48.79972,0.0003876681,773.8578438617982
49.03079,0.0003848425,779.5396818178865
48.99786,0.0003869926,775.2086215602055
49.23136,0.0003841233,780.999226029767
49.33268,0.0003840188,781.211753174584
49.29812,0.0003860035,777.1950254337072
49.53103,0.0003833038,782.6689951938906
49.63037,0.0003831709,782.9404581610974
49.73406,0.00038306,783.1671278650864
49.69992,0.000385047,779.1256651785366
49.92962,0.0003822813,784.7624249472835
50.02888,0.0003822453,784.8363341550569
50.13366,0.000382059,785.2190368503293
49.8981,0.0003874999,774.1937481790318
49.93419,0.000388007,773.1819271301806
49.83276,0.0003908626,767.5331433603521
49.59755,0.0003959848,757.6048373573935
49.63235,0.0003961241,757.3384199547565
49.53194,0.0003989023,752.0638512237207
49.29815,0.0004036131,743.2860826370601
49.33219,0.0004035343,743.4312275313399
49.23313,0.0004059057,739.0879211600133
48.99796,0.0004105553,730.7176402301956
49.03205,0.0004103807,731.0285303378058
48.79972,0.0004148755,723.1084988147046
48.82634,0.0004147373,723.3494551852461
48.59513,0.0004191618,715.7140750898579
48.62629,0.0004188727,716.2080507992046
48.52752,0.0004211562,712.3247859107855
48.29593,0.0004254358,705.1592743252918
48.32924,0.000424975,705.9238778751691
48.09455,0.0004293448,698.739101999139
48.12954,0.0004286916,699.803775021484
48.027,0.0004307648,696.4357347675576
47.92563,0.0004326765,693.3586640365261
47.82585,0.0004344898,690.4650005592766
47.59341,0.0004387524,683.7569435517618
47.62635,0.0004381624,684.6776446358701
47.52724,0.0004400706,681.7087985427792
47.42842,0.0004419493,678.8108952769016
47.32421,0.0004436666,676.1834224167427
47.22826,0.0004452803,673.7329273268995
47.12653,0.0004471054,670.9827257733858
47.02419,0.000448742,668.5355950635332
46.92632,0.0004505125,665.908271135651
46.82656,0.0004521401,663.511155060124
46.72842,0.0004539426,660.8765072940939
46.49533,0.0004578317,655.2626216140123
46.52748,0.0004572483,656.0986667418993
46.29401,0.0004610255,650.7232246372489
46.32312,0.0004604777,651.497347211385
46.08947,0.0004643196,646.1066903055568
46.12222,0.0004635298,647.2075797499966
45.88894,0.0004672977,641.9890361112413
45.9247,0.0004666333,642.9031104295385
45.68754,0.0004703264,637.854902467733
45.72123,0.0004696629,638.756009895608
45.48911,0.0004732574,633.9045094698994
45.51781,0.0004725656,634.8324973294713
45.42009,0.0004740987,632.7796300643727
45.32003,0.000475653,630.7118845040397
45.0872,0.0004792918,625.9234979609498
45.12204,0.000478489,626.9736608365082
45.02148,0.0004799083,625.1194238565993
44.78734,0.0004836079,620.3372608263844
44.8185,0.0004828585,621.3000288904512
44.71953,0.0004842105,619.5652510633288
44.62189,0.0004854535,617.9788589432355
44.38798,0.0004891358,613.3266058219415
44.42209,0.0004882739,614.409248579537
44.32251,0.000489532,612.830213346625
44.08857,0.0004932385,608.225027040671
44.12535,0.0004924306,609.2229036944495
43.89079,0.000495945,604.9057859238424
43.92127,0.0004950474,606.0025767229562
43.81421,0.0004963921,604.3609477266056
43.58331,0.0004998569,600.1717691603336
43.61746,0.000498963,601.2469862494813
43.51507,0.0005001506,599.8193344164738
43.28368,0.0005036077,595.7017734240362
43.31987,0.0005027835,596.6782919487215
43.21576,0.0005040106,595.2255766049365
43.11549,0.0005053121,593.6924922241126
42.88451,0.0005087877,589.6368957032569
42.9166,0.0005077457,590.8469535044807
42.68324,0.0005113103,586.7278636866889
42.71667,0.0005104669,587.6972630350763
42.61367,0.0005116198,586.3729277092091
42.5164,0.0005129479,584.8547191634862
42.28467,0.0005163446,581.0073350239356
42.31503,0.0005154436,582.0229410162431
42.21253,0.0005165745,580.7487593754628
42.11729,0.0005178966,579.2662087374198
41.88221,0.0005211878,575.6082548363564
41.91623,0.0005202123,576.6876331067142
41.81633,0.0005213924,575.3823799503023
41.5824,0.000524716,571.73785438218
41.61742,0.000523795,572.7431533328879
41.38453,0.0005269652,569.2975551326729
41.41372,0.0005262581,570.0624845489314
41.3098,0.0005273056,568.9300473956657
41.21023,0.0005285927,567.5447277270382
40.97854,0.0005318412,564.0781496431641
41.01317,0.0005308919,565.0867907383781
40.90786,0.0005322723,563.6212893287891
40.81051,0.0005332716,562.5651169122826
40.58025,0.0005364298,559.2530467173897
40.6081,0.0005354015,560.3271563490204
40.51109,0.0005365965,559.0793081952639
40.40876,0.0005377459,557.8843092992433
40.17723,0.0005409803,554.5488440152071
40.21149,0.0005401059,555.4466263005088
40.11222,0.0005410658,554.4612134050979
40.01053,0.000542263,553.2370823751575
39.77864,0.0005454781,549.9762501922626
39.81355,0.0005443915,551.0739972979004
39.57737,0.0005477094,547.7357153264121
39.61149,0.0005467584,548.6884152122766
39.51254,0.0005478336,547.6115375179616
39.40824,0.0005489094,546.5382811808287
39.31195,0.000549939,545.5150480325999
39.21157,0.0005509854,544.479037012596
39.11243,0.0005520906,543.3890741845632
39.01089,0.0005530374,542.4587921178568
38.77969,0.0005562284,539.3467863201519
38.80891,0.0005553616,540.1885906407645
38.57521,0.0005586045,537.0526016170653
38.60413,0.000557685,537.9380833266091
38.3745,0.000560749,534.9987249197055
38.40902,0.0005596775,536.0229775183029
38.17334,0.0005629917,532.8675360578139
38.20937,0.0005619121,533.8913328258993
38.11005,0.0005628756,532.9774465263728
38.00445,0.0005639705,531.9427168619635
37.90891,0.0005649636,531.0076613785384
37.80679,0.0005659565,530.0760747513281
37.57294,0.0005691815,527.0726473014319
37.60782,0.0005682223,527.9623837360836
37.50763,0.000569197,527.058294404222
37.40809,0.0005700799,526.2420232672648
37.30836,0.000571116,525.2873321706974
37.21294,0.0005720904,524.3926484345831
37.10893,0.0005731206,523.4500382641978
36.87402,0.0005763457,520.520930406872
36.91121,0.0005751566,521.5970746054204
36.81018,0.0005762628,520.595811494339
36.57406,0.0005794766,517.7085666617081
36.6109,0.0005783844,518.6861886316436
36.50999,0.0005793628,517.81025637131
36.27417,0.000582462,515.0550593858484
36.30586,0.000581553,515.8601193700316
36.20928,0.0005826068,514.9270485686058
36.10355,0.0005835246,514.1171426191801
36.00579,0.0005844785,513.2780760968966
35.7697,0.0005876388,510.517685353656
35.80508,0.0005865552,511.46081391828085
35.70335,0.000587413,510.7139269985513
35.60483,0.0005883624,509.88982300704464
35.36708,0.0005915557,507.1373667771268
35.40424,0.0005905113,508.0343085729265
35.30479,0.0005914124,507.26024682607266
35.06697,0.0005946419,504.50531656111013
35.10531,0.0005935117,505.4660253538388
35.0057,0.0005944041,504.7071512460967
34.9057,0.0005953907,503.8708196147504
34.80273,0.0005965366,502.9029233076394
34.56946,0.0005994601,500.45032188130614
34.60604,0.0005983944,501.3415900950945
34.36835,0.0006014759,498.7731012996531
34.40346,0.0006005673,499.5276965628998
34.30472,0.0006013324,498.8921268835672
34.20309,0.0006022693,498.11604210940186
33.96976,0.0006053125,495.611770779556
34.00663,0.0006042218,496.50641535939286
33.90499,0.0006052932,495.62757354617565
33.66248,0.0006083144,493.16603387984895
33.69705,0.0006072356,494.042180662662
33.59824,0.0006081494,493.299837178167
33.49521,0.0006091442,492.49422386357776
33.39972,0.0006101285,491.69969932563384
33.16484,0.0006131215,489.2994292322158
33.19686,0.0006121501,490.0758817159386
33.09797,0.0006130135,489.3856334322164
32.99783,0.0006139117,488.66962463820124
32.89755,0.0006148503,487.92364580451533
32.66341,0.0006177119,485.66330031848173
32.69619,0.0006167872,486.3914166830959
32.59488,0.0006176727,485.69412246971575
32.49802,0.0006185347,485.017251255265
32.39833,0.0006193905,484.34711220143026
32.29641,0.0006204796,483.4969594487876
32.19641,0.000621275,482.87795259748094
32.09874,0.0006221087,482.23083843707695
31.99505,0.0006230543,481.4989640549788
31.89806,0.0006240627,480.7209275606441
31.79548,0.0006249175,480.0633683646241
31.69553,0.0006259044,479.30642443159053
31.5955,0.0006267521,478.6581488917229
31.36429,0.0006299326,476.2414264637201
31.39616,0.0006286151,477.2395699689682
31.15973,0.0006316515,474.9454406425062
31.18999,0.0006306604,475.6918303416545
31.09057,0.0006314928,475.0647988385615
30.99123,0.0006323506,474.420361109802
30.75785,0.0006354235,472.12607025078546
30.7918,0.0006343618,472.9162443261873
30.69436,0.0006352147,472.281261752916
30.59118,0.0006362296,471.5278886741516
30.49423,0.0006370213,470.9418664650617
30.39303,0.0006379283,470.2722860860696
30.29142,0.0006388646,469.58306971461553
30.19357,0.0006397305,468.9474708490528
29.96006,0.0006425768,466.87026360117574
29.99358,0.0006415384,467.6259441367812
29.75863,0.0006446033,465.4025196582146
29.79146,0.0006436048,466.12455345267773
29.55744,0.0006464566,464.06827619982533
29.59271,0.0006453687,464.8505575185161
29.49152,0.0006463531,464.1425870781775
29.38957,0.0006472601,463.49218807091614
29.15835,0.0006500521,461.50147042060166
29.19195,0.000648994,462.25388832562396
29.09265,0.0006498648,461.6344815106157
28.85861,0.0006528373,459.5325665368691
28.89584,0.0006518957,460.19631668072054
28.65381,0.0006547517,458.188959265016
28.68796,0.0006536645,458.95103680863804
28.45267,0.0006566935,456.83412429086013
28.48908,0.0006556147,457.58583509491166
28.25541,0.0006584742,455.598715940579
28.28578,0.0006575523,456.2374734298701
28.1875,0.0006582966,455.72163064490985
28.08907,0.0006593018,455.02681776388295
27.98617,0.0006599839,454.5565429702148
27.88776,0.00066087,453.9470697716646
27.78682,0.0006618073,453.3041566631253
27.68568,0.0006626415,452.73349163914423
27.58856,0.0006634998,452.1478378742541
27.48677,0.000664359,451.5630856208766
27.25295,0.00066726,449.599856128046
27.28779,0.0006661273,450.3643672913571
27.18706,0.0006670568,449.73681401643756
26.95248,0.0006699283,447.80911628901185
26.98455,0.0006689191,448.48472707686176
26.88883,0.0006697527,447.9265257161337
26.78346,0.0006706194,447.34763116008867
26.55392,0.0006734686,445.4550665019869
26.58795,0.0006723714,446.18197621136176
26.4857,0.0006734394,445.4743812138108
26.25361,0.0006761526,443.68682454227053
26.2814,0.0006752684,444.26779040748835
26.04898,0.0006780136,442.46900062181646
26.07923,0.0006770581,443.093436146765
25.84776,0.0006798361,441.28283272983003
25.88309,0.0006788782,441.90548466573233
25.78014,0.0006795865,441.4449080433469
25.548,0.0006824157,439.6147392271309
25.5835,0.0006813495,440.30266405126883
25.48171,0.0006822156,439.7436822025178
25.38292,0.0006830431,439.2109370550702
25.14938,0.000685801,437.44468147465517
25.18406,0.0006848461,438.0546227831333
24.94826,0.0006877708,436.19182436939747
24.98548,0.0006866058,436.9319338694779
24.88396,0.0006873462,436.4612767190682
24.78192,0.0006882692,435.87596248677113
24.68076,0.0006890707,435.36896867041366
24.45073,0.0006917084,433.70877092138824
24.48325,0.0006906422,434.3783220892092
24.38326,0.0006915355,433.8172082271987
24.28384,0.0006923996,433.2758135619951
24.18384,0.0006931422,432.8116222039287
24.08381,0.0006940393,432.2521793794674
23.85076,0.0006968334,430.51897340167676
23.8801,0.0006957928,431.16284043180667
23.77871,0.0006967846,430.549125224639
23.67832,0.0006975553,430.0734293037412
23.44479,0.000700354,428.35480342798064
23.47939,0.0006992979,429.0017172938743
23.2436,0.0007020211,427.3375828732213
23.28282,0.0007008983,428.02215385598737
23.04292,0.0007036771,426.3319070636233
23.07847,0.0007027356,426.90309129066463
22.98003,0.0007034607,426.46305614514074
22.87748,0.000704364,425.9161456292485
22.64379,0.0007069904,424.33390891870664
22.68256,0.000706118,424.85816818152205
22.44259,0.0007089316,423.17199571862784
22.47998,0.0007079265,423.7728069227526
22.37834,0.0007086248,423.3552085673547
22.14303,0.0007112932,421.7670012872329
22.17878,0.0007104033,422.29533562132946
22.07858,0.0007109845,421.95012690150065
21.84237,0.0007138032,420.2839101870095
21.87737,0.0007127813,420.88646264990393
21.77842,0.0007135684,420.4222047949433
21.54228,0.0007162882,418.82583016165836
21.58033,0.0007152147,419.45446591072584
21.34485,0.0007179856,417.8356780414538
21.3735,0.0007169597,418.4335604916148
21.27345,0.0007178006,417.9433675591801
21.03811,0.0007204466,416.4083778034347
21.07283,0.0007195687,416.9164111779737
20.8402,0.0007221733,415.41275480552935
20.87128,0.000721153,416.0004881072394
20.63958,0.0007238367,414.4581229440287
20.67361,0.0007226901,415.1156906674105
20.57325,0.0007234619,414.6728390258008
20.33942,0.000726134,413.14688473477344
20.37355,0.0007250591,413.75937492543704
20.27318,0.0007257783,413.3493657774006
20.03908,0.0007284746,411.8194374930849
20.07265,0.0007275699,412.3315161883414
19.83748,0.0007301446,410.8775165905493
19.87243,0.0007289998,411.52274664547235
19.77193,0.0007297542,411.09732564745775
19.67164,0.0007304584,410.70100638174597
19.57199,0.0007312545,410.2538856171141
19.47412,0.0007320307,409.8188778148239
19.37049,0.0007326868,409.45189677226335
19.27265,0.0007335648,408.96182586732624
19.17502,0.0007342905,408.55764850559825
18.9381,0.0007368461,407.14064985890536
18.97537,0.0007358694,407.6810368796419
18.7335,0.0007385035,406.22691700174744
18.77151,0.0007375377,406.7588680551516
18.53515,0.0007401003,405.3504639844086
18.56923,0.0007391613,405.8654044793741
18.33387,0.0007416898,404.4817658271693
18.37096,0.0007406994,405.0226043115466
18.13325,0.0007432734,403.61998693885715
18.16805,0.0007421605,404.22523160421497
17.93521,0.0007448014,402.791938898074
17.96674,0.0007436738,403.4026746673071
17.73398,0.0007461777,402.04900253652715
17.76912,0.0007452492,402.5499121636092
17.66731,0.0007459506,402.17140384363256
17.56801,0.0007466862,401.7752035594069
17.46911,0.0007474453,401.3671635904326
17.36723,0.0007480157,401.0611007228859
17.13412,0.0007505611,399.7009703806925
17.17066,0.0007495146,400.2590476556427
17.06939,0.0007501666,399.91116639957045
16.83383,0.0007527814,398.5220676281321
16.86983,0.0007516274,399.1339325841501
16.76738,0.0007524196,398.7136964534151
16.6681,0.0007529611,398.4269572491859
16.43523,0.0007556431,397.01282258780634
16.46929,0.0007545528,397.5864909652446
16.22743,0.0007570885,396.2548632029148
16.2634,0.0007560279,396.81075261905016
16.02956,0.0007585548,395.4888954627932
16.06064,0.0007575182,396.0300887820253
15.96058,0.0007581268,395.71216846575004
15.86094,0.0007587017,395.41232081066903
15.62686,0.0007613036,394.0609239204964
15.66312,0.00076013,394.66933287727096
15.56416,0.0007607294,394.3583618563973
15.46188,0.0007614569,393.98158976561905
15.36234,0.0007619824,393.7098809631298
15.12909,0.0007645973,392.36340489300704
15.1656,0.0007634968,392.9289553014499
15.06264,0.0007640666,392.63592990453975
14.96213,0.0007647346,392.29296019821777
14.86495,0.0007652692,392.01891308313463
14.76179,0.0007659684,391.66106591342407
14.52934,0.0007682993,390.4728274514893
14.56329,0.0007672983,390.98222946668847
14.46122,0.0007680419,390.6036897205738
14.22914,0.0007703085,389.45435497596094
14.26297,0.0007693588,389.9350992020888
14.1625,0.0007699178,389.65198622502294
13.92883,0.0007723574,388.4212153596249
13.9629,0.000771254,388.9769129236283
13.85864,0.000771875,388.66396761133603
13.62253,0.0007742747,387.45938618425737
13.65821,0.0007732643,387.9656671076112
13.42426,0.0007755837,386.8054473037533
13.45567,0.0007747115,387.2409277518147
13.35617,0.0007752946,386.9496833848707
13.12414,0.0007775409,385.83179354295055
13.15646,0.0007765242,386.3369615525183
13.05735,0.0007771107,386.04538581182834
12.95727,0.0007775955,385.8047018019008
12.85664,0.0007782067,385.50169254518113
12.75684,0.0007787711,385.2223072992822
12.52424,0.0007811175,384.0651374473111
12.55629,0.0007800411,384.5951194110156
12.45912,0.0007806334,384.3033106192996
12.35847,0.0007811568,384.0458151295617
12.1222,0.0007835177,382.88860609020065
12.15756,0.0007825489,383.3626243676274
12.05944,0.0007830064,383.1386307953549
11.8219,0.0007853432,381.99859628249146
11.85764,0.0007842925,382.51035168639254
11.62381,0.0007867649,381.3083171351442
11.65668,0.0007856165,381.8657067411389
11.5565,0.0007860411,381.65943231212714
11.4587,0.000786704,381.33783481461893
11.21866,0.0007890213,380.2178724452686
11.25541,0.000787901,380.75849630854634
11.0174,0.0007901498,379.6748414034908
11.05434,0.0007889681,380.24351047906754
10.95375,0.0007897258,379.87868700756644
10.85212,0.0007901608,379.6695558676158
10.61837,0.0007925072,378.54545674790086
10.65382,0.0007912958,379.12497450384546
10.41769,0.0007935898,378.02905228872646
10.45346,0.0007926031,378.49965512373086
10.21985,0.0007947615,377.4717320856634
10.25036,0.0007937464,377.9544700927147
10.15106,0.0007942485,377.71553865068677
9.91911,0.0007964274,376.6821683935033
9.95122,0.0007954777,377.1318793726084
9.718065,0.0007976688,376.0959435795909
9.752818,0.0007965198,376.6384715106893
9.649055,0.0007970855,376.37116720853663
9.551182,0.000797594,376.1312146279937
9.319408,0.0007997975,375.094945908183
9.34989,0.0007987584,375.58290466804476
9.250672,0.0007991981,375.3762677864224
9.019342,0.0008013832,374.3527441054417
9.049689,0.0008003608,374.8309512409903
8.952409,0.0008008037,374.6236437219258
8.712896,0.0008030599,373.5711370969961
8.746064,0.00080202,374.0555098376599
8.51501,0.0008041146,373.0811503733423
8.545308,0.0008029864,373.60533129826354
8.4456,0.0008035112,373.3613171789018
8.214584,0.0008056467,372.3716611760465
8.245022,0.0008045697,372.870119269965
8.145789,0.0008050625,372.641875630774
7.914849,0.0008071846,371.6621947445479
7.943848,0.0008060856,372.16891109331317
7.844407,0.0008065601,371.94996380306935
7.614677,0.0008085189,371.04884004566867
7.643008,0.0008074824,371.52512550118735
7.545006,0.000807952,371.3091866843575
7.314619,0.000809967,370.3854601483764
7.343141,0.0008089544,370.8490861784051
7.243896,0.0008093423,370.67134635122864
7.145422,0.000809726,370.4956985449399
7.04494,0.0008101481,370.3026644140744
6.943971,0.0008105164,370.1343982675736
6.844731,0.0008108999,369.95935009980883
6.612188,0.00081306,368.9764593018965
6.642946,0.0008118438,369.5292123928273
6.414242,0.0008141507,368.48214955781526
6.442953,0.0008130405,368.9853088499281
6.20699,0.0008151676,368.0224778315527
6.238594,0.0008141223,368.4950037604915
6.009074,0.0008160952,367.6041716701679
6.037989,0.0008151141,368.0466329805852
5.807577,0.0008172189,367.0987051327374
5.838003,0.0008160385,367.6297135490544
5.733132,0.0008165592,367.3952849958705
5.636956,0.0008168861,367.2482614161264
5.409011,0.0008188123,366.3843349690765
5.43923,0.0008176776,366.8927704513368
5.336854,0.0008181646,366.67438312535154
5.108781,0.0008202955,365.72186486455183
5.137643,0.0008191481,366.23414007796634
4.907123,0.0008212798,365.28354891962516
4.936357,0.0008200642,365.82501711451374
4.709198,0.0008221011,364.9186213228519
4.734574,0.0008210362,365.39192790768544
4.635619,0.0008213389,365.2572646930518
4.409759,0.0008232443,364.4118762802245
4.43477,0.0008223177,364.8225010844349
4.335579,0.000822758,364.6272658546012
4.109514,0.000824509,363.8529112477851
4.132969,0.0008235648,364.2700610808038
4.033663,0.0008239326,364.1074524785158
3.93407,0.0008240124,364.0721911466381
3.826642,0.0008245785,363.82224372815926
3.722401,0.0008249098,363.67612555942475
3.624148,0.0008253295,363.49118745906935
3.404072,0.0008269135,362.7948993455784
3.420909,0.0008261547,363.12811632010323
3.202519,0.000827772,362.41863701598993
3.222975,0.0008269444,362.78134297783504
3.00137,0.000828633,362.0420620467686
3.022685,0.0008278109,362.40160645384105
2.803953,0.0008293308,361.737439390892
2.81975,0.0008286446,362.0369939054692
2.721354,0.0008286532,362.0332365819621
2.503725,0.0008303548,361.2913419661089
2.520288,0.0008294358,361.6916462973988
2.421491,0.000829674,361.58780436653433
2.203413,0.000831279,360.88966520265757
2.221267,0.0008302521,361.33603275438867
2.002561,0.0008320807,360.54195224093047
2.023248,0.0008311174,360.95983551782217
1.920856,0.0008313169,360.8732121288524
1.702451,0.0008330001,360.14401438847364
1.723301,0.0008321578,360.50854777783735
1.62209,0.0008324659,360.37512167165045
1.402069,0.0008341688,359.6394398831507
1.422669,0.0008332021,360.0567017293883
1.318325,0.0008335345,359.9131169735626
1.099134,0.0008351341,359.22374622231325
1.117156,0.0008342108,359.6213331210768
0.8979264,0.0008359178,358.88696233050666
0.9189426,0.0008350043,359.2795869434445
0.8180199,0.0008353281,359.14031863647347
0.5978175,0.0008369967,358.42435221070764
0.6197889,0.0008361759,358.7761857283856
0.3970761,0.0008378217,358.07141304647513
0.4182563,0.0008369239,358.45552982774177
0.3193783,0.000837228,358.32533073428027
0.09682824,0.0008390684,357.53938534689183
0.1176097,0.0008380908,357.95644099660797
